lote,orden,palabra_id,kichwa,espanol,categoria,tipo_visual,prompt,descripcion_candidata,estado
1,1,2087,yakumama,anaconda,Animales,ser_vivo,"Ilustración cuadrada infantil y educativa para la acepción Kichwa “yakumama”, que en español significa “anaconda”. Muestra claramente el animal o la planta como elemento principal. Estilo de libro ilustrado, contexto cultural respetuoso inspirado en el Ecuador andino y amazónico, fondo limpio, colores cálidos, contornos suaves, sin texto, letras, logotipos, firmas ni marcas de agua.","Representación educativa de anaconda, correspondiente a la acepción Kichwa yakumama.",preparada
1,2,1811,wiwa,animal,Animales,ser_vivo,"Ilustración cuadrada infantil y educativa para la acepción Kichwa “wiwa”, que en español significa “animal”. Muestra claramente el animal o la planta como elemento principal. Estilo de libro ilustrado, contexto cultural respetuoso inspirado en el Ecuador andino y amazónico, fondo limpio, colores cálidos, contornos suaves, sin texto, letras, logotipos, firmas ni marcas de agua.","Representación educativa de animal, correspondiente a la acepción Kichwa wiwa.",preparada
1,3,1643,uru,araña,Animales,ser_vivo,"Ilustración cuadrada infantil y educativa para la acepción Kichwa “uru”, que en español significa “araña”. Muestra claramente el animal o la planta como elemento principal. Estilo de libro ilustrado, contexto cultural respetuoso inspirado en el Ecuador andino y amazónico, fondo limpio, colores cálidos, contornos suaves, sin texto, letras, logotipos, firmas ni marcas de agua.","Representación educativa de araña, correspondiente a la acepción Kichwa uru.",preparada
1,4,134,atyak,babosa,Animales,ser_vivo,"Ilustración cuadrada infantil y educativa para la acepción Kichwa “atyak”, que en español significa “babosa”. Muestra claramente el animal o la planta como elemento principal. Estilo de libro ilustrado, contexto cultural respetuoso inspirado en el Ecuador andino y amazónico, fondo limpio, colores cálidos, contornos suaves, sin texto, letras, logotipos, firmas ni marcas de agua.","Representación educativa de babosa, correspondiente a la acepción Kichwa atyak.",preparada
1,5,54,amaru,boa,Animales,ser_vivo,"Ilustración cuadrada infantil y educativa para la acepción Kichwa “amaru”, que en español significa “boa”. Muestra claramente el animal o la planta como elemento principal. Estilo de libro ilustrado, contexto cultural respetuoso inspirado en el Ecuador andino y amazónico, fondo limpio, colores cálidos, contornos suaves, sin texto, letras, logotipos, firmas ni marcas de agua.","Representación educativa de boa, correspondiente a la acepción Kichwa amaru.",preparada
1,6,2296,uwiha,borrego,Animales,ser_vivo,"Ilustración cuadrada infantil y educativa para la acepción Kichwa “uwiha”, que en español significa “borrego”. Muestra claramente el animal o la planta como elemento principal. Estilo de libro ilustrado, contexto cultural respetuoso inspirado en el Ecuador andino y amazónico, fondo limpio, colores cálidos, contornos suaves, sin texto, letras, logotipos, firmas ni marcas de agua.","Representación educativa de borrego, correspondiente a la acepción Kichwa uwiha.",preparada
1,7,715,kuskunku,búho,Animales,ser_vivo,"Ilustración cuadrada infantil y educativa para la acepción Kichwa “kuskunku”, que en español significa “búho”. Muestra claramente el animal o la planta como elemento principal. Estilo de libro ilustrado, contexto cultural respetuoso inspirado en el Ecuador andino y amazónico, fondo limpio, colores cálidos, contornos suaves, sin texto, letras, logotipos, firmas ni marcas de agua.","Representación educativa de búho, correspondiente a la acepción Kichwa kuskunku.",preparada
1,8,97,apiw,caballo,Animales,ser_vivo,"Ilustración cuadrada infantil y educativa para la acepción Kichwa “apiw”, que en español significa “caballo”. Muestra claramente el animal o la planta como elemento principal. Estilo de libro ilustrado, contexto cultural respetuoso inspirado en el Ecuador andino y amazónico, fondo limpio, colores cálidos, contornos suaves, sin texto, letras, logotipos, firmas ni marcas de agua.","Representación educativa de caballo, correspondiente a la acepción Kichwa apiw.",preparada
1,9,89,apankura,cangrejo,Animales,ser_vivo,"Ilustración cuadrada infantil y educativa para la acepción Kichwa “apankura”, que en español significa “cangrejo”. Muestra claramente el animal o la planta como elemento principal. Estilo de libro ilustrado, contexto cultural respetuoso inspirado en el Ecuador andino y amazónico, fondo limpio, colores cálidos, contornos suaves, sin texto, letras, logotipos, firmas ni marcas de agua.","Representación educativa de cangrejo, correspondiente a la acepción Kichwa apankura.",preparada
1,10,325,churu,caracol,Animales,ser_vivo,"Ilustración cuadrada infantil y educativa para la acepción Kichwa “churu”, que en español significa “caracol”. Muestra claramente el animal o la planta como elemento principal. Estilo de libro ilustrado, contexto cultural respetuoso inspirado en el Ecuador andino y amazónico, fondo limpio, colores cálidos, contornos suaves, sin texto, letras, logotipos, firmas ni marcas de agua.","Representación educativa de caracol, correspondiente a la acepción Kichwa churu.",preparada
1,11,456,inku,carnero,Animales,ser_vivo,"Ilustración cuadrada infantil y educativa para la acepción Kichwa “inku”, que en español significa “carnero”. Muestra claramente el animal o la planta como elemento principal. Estilo de libro ilustrado, contexto cultural respetuoso inspirado en el Ecuador andino y amazónico, fondo limpio, colores cálidos, contornos suaves, sin texto, letras, logotipos, firmas ni marcas de agua.","Representación educativa de carnero, correspondiente a la acepción Kichwa inku.",preparada
1,12,2379,sillu,casco,Animales,ser_vivo,"Ilustración cuadrada infantil y educativa para la acepción Kichwa “sillu”, que en español significa “casco”. Muestra claramente el animal o la planta como elemento principal. Estilo de libro ilustrado, contexto cultural respetuoso inspirado en el Ecuador andino y amazónico, fondo limpio, colores cálidos, contornos suaves, sin texto, letras, logotipos, firmas ni marcas de agua.","Representación educativa de casco, correspondiente a la acepción Kichwa sillu.",preparada
1,13,2623,kuchi,chancho,Animales,ser_vivo,"Ilustración cuadrada infantil y educativa para la acepción Kichwa “kuchi”, que en español significa “chancho”. Muestra claramente el animal o la planta como elemento principal. Estilo de libro ilustrado, contexto cultural respetuoso inspirado en el Ecuador andino y amazónico, fondo limpio, colores cálidos, contornos suaves, sin texto, letras, logotipos, firmas ni marcas de agua.","Representación educativa de chancho, correspondiente a la acepción Kichwa kuchi.",preparada
1,14,269,chita,chivo,Animales,ser_vivo,"Ilustración cuadrada infantil y educativa para la acepción Kichwa “chita”, que en español significa “chivo”. Muestra claramente el animal o la planta como elemento principal. Estilo de libro ilustrado, contexto cultural respetuoso inspirado en el Ecuador andino y amazónico, fondo limpio, colores cálidos, contornos suaves, sin texto, letras, logotipos, firmas ni marcas de agua.","Representación educativa de chivo, correspondiente a la acepción Kichwa chita.",preparada
1,15,292,chukllu,choco,Animales,ser_vivo,"Ilustración cuadrada infantil y educativa para la acepción Kichwa “chukllu”, que en español significa “choco”. Muestra claramente el animal o la planta como elemento principal. Estilo de libro ilustrado, contexto cultural respetuoso inspirado en el Ecuador andino y amazónico, fondo limpio, colores cálidos, contornos suaves, sin texto, letras, logotipos, firmas ni marcas de agua.","Representación educativa de choco, correspondiente a la acepción Kichwa chukllu.",preparada
1,16,1356,shiktikuy,ciempiés,Animales,ser_vivo,"Ilustración cuadrada infantil y educativa para la acepción Kichwa “shiktikuy”, que en español significa “ciempiés”. Muestra claramente el animal o la planta como elemento principal. Estilo de libro ilustrado, contexto cultural respetuoso inspirado en el Ecuador andino y amazónico, fondo limpio, colores cálidos, contornos suaves, sin texto, letras, logotipos, firmas ni marcas de agua.","Representación educativa de ciempiés, correspondiente a la acepción Kichwa shiktikuy.",preparada
1,17,1385,shiway,ciempiés,Animales,ser_vivo,"Ilustración cuadrada infantil y educativa para la acepción Kichwa “shiway”, que en español significa “ciempiés”. Muestra claramente el animal o la planta como elemento principal. Estilo de libro ilustrado, contexto cultural respetuoso inspirado en el Ecuador andino y amazónico, fondo limpio, colores cálidos, contornos suaves, sin texto, letras, logotipos, firmas ni marcas de agua.","Representación educativa de ciempiés, correspondiente a la acepción Kichwa shiway.",preparada
1,18,1454,tatis,ciempiés,Animales,ser_vivo,"Ilustración cuadrada infantil y educativa para la acepción Kichwa “tatis”, que en español significa “ciempiés”. Muestra claramente el animal o la planta como elemento principal. Estilo de libro ilustrado, contexto cultural respetuoso inspirado en el Ecuador andino y amazónico, fondo limpio, colores cálidos, contornos suaves, sin texto, letras, logotipos, firmas ni marcas de agua.","Representación educativa de ciempiés, correspondiente a la acepción Kichwa tatis.",preparada
1,19,1899,zullu,cigarra,Animales,ser_vivo,"Ilustración cuadrada infantil y educativa para la acepción Kichwa “zullu”, que en español significa “cigarra”. Muestra claramente el animal o la planta como elemento principal. Estilo de libro ilustrado, contexto cultural respetuoso inspirado en el Ecuador andino y amazónico, fondo limpio, colores cálidos, contornos suaves, sin texto, letras, logotipos, firmas ni marcas de agua.","Representación educativa de cigarra, correspondiente a la acepción Kichwa zullu.",preparada
1,20,2471,chukuri,comadreja,Animales,ser_vivo,"Ilustración cuadrada infantil y educativa para la acepción Kichwa “chukuri”, que en español significa “comadreja”. Muestra claramente el animal o la planta como elemento principal. Estilo de libro ilustrado, contexto cultural respetuoso inspirado en el Ecuador andino y amazónico, fondo limpio, colores cálidos, contornos suaves, sin texto, letras, logotipos, firmas ni marcas de agua.","Representación educativa de comadreja, correspondiente a la acepción Kichwa chukuri.",preparada
1,21,10,achira,achera,Plantas y agricultura,ser_vivo,"Ilustración cuadrada infantil y educativa para la acepción Kichwa “achira”, que en español significa “achera”. Muestra claramente el animal o la planta como elemento principal. Estilo de libro ilustrado, contexto cultural respetuoso inspirado en el Ecuador andino y amazónico, fondo limpio, colores cálidos, contornos suaves, sin texto, letras, logotipos, firmas ni marcas de agua.","Representación educativa de achera, correspondiente a la acepción Kichwa achira.",preparada
1,22,11,achukcha,achogcha,Plantas y agricultura,ser_vivo,"Ilustración cuadrada infantil y educativa para la acepción Kichwa “achukcha”, que en español significa “achogcha”. Muestra claramente el animal o la planta como elemento principal. Estilo de libro ilustrado, contexto cultural respetuoso inspirado en el Ecuador andino y amazónico, fondo limpio, colores cálidos, contornos suaves, sin texto, letras, logotipos, firmas ni marcas de agua.","Representación educativa de achogcha, correspondiente a la acepción Kichwa achukcha.",preparada
1,23,12,achupalla,achupalla,Plantas y agricultura,ser_vivo,"Ilustración cuadrada infantil y educativa para la acepción Kichwa “achupalla”, que en español significa “achupalla”. Muestra claramente el animal o la planta como elemento principal. Estilo de libro ilustrado, contexto cultural respetuoso inspirado en el Ecuador andino y amazónico, fondo limpio, colores cálidos, contornos suaves, sin texto, letras, logotipos, firmas ni marcas de agua.","Representación educativa de achupalla, correspondiente a la acepción Kichwa achupalla.",preparada
1,24,850,marku,altamisa,Plantas y agricultura,ser_vivo,"Ilustración cuadrada infantil y educativa para la acepción Kichwa “marku”, que en español significa “altamisa”. Muestra claramente el animal o la planta como elemento principal. Estilo de libro ilustrado, contexto cultural respetuoso inspirado en el Ecuador andino y amazónico, fondo limpio, colores cálidos, contornos suaves, sin texto, letras, logotipos, firmas ni marcas de agua.","Representación educativa de altamisa, correspondiente a la acepción Kichwa marku.",preparada
1,25,1417,taklla,arado,Plantas y agricultura,ser_vivo,"Ilustración cuadrada infantil y educativa para la acepción Kichwa “taklla”, que en español significa “arado”. Muestra claramente el animal o la planta como elemento principal. Estilo de libro ilustrado, contexto cultural respetuoso inspirado en el Ecuador andino y amazónico, fondo limpio, colores cálidos, contornos suaves, sin texto, letras, logotipos, firmas ni marcas de agua.","Representación educativa de arado, correspondiente a la acepción Kichwa taklla.",preparada
1,26,493,iwilan,arbusto,Plantas y agricultura,ser_vivo,"Ilustración cuadrada infantil y educativa para la acepción Kichwa “iwilan”, que en español significa “arbusto”. Muestra claramente el animal o la planta como elemento principal. Estilo de libro ilustrado, contexto cultural respetuoso inspirado en el Ecuador andino y amazónico, fondo limpio, colores cálidos, contornos suaves, sin texto, letras, logotipos, firmas ni marcas de agua.","Representación educativa de arbusto, correspondiente a la acepción Kichwa iwilan.",preparada
1,27,2177,alwis,arvejas,Plantas y agricultura,ser_vivo,"Ilustración cuadrada infantil y educativa para la acepción Kichwa “alwis”, que en español significa “arvejas”. Muestra claramente el animal o la planta como elemento principal. Estilo de libro ilustrado, contexto cultural respetuoso inspirado en el Ecuador andino y amazónico, fondo limpio, colores cálidos, contornos suaves, sin texto, letras, logotipos, firmas ni marcas de agua.","Representación educativa de arvejas, correspondiente a la acepción Kichwa alwis.",preparada
1,28,2236,amankay,azucena,Plantas y agricultura,ser_vivo,"Ilustración cuadrada infantil y educativa para la acepción Kichwa “amankay”, que en español significa “azucena”. Muestra claramente el animal o la planta como elemento principal. Estilo de libro ilustrado, contexto cultural respetuoso inspirado en el Ecuador andino y amazónico, fondo limpio, colores cálidos, contornos suaves, sin texto, letras, logotipos, firmas ni marcas de agua.","Representación educativa de azucena, correspondiente a la acepción Kichwa amankay.",preparada
1,29,2237,llakllana,azuela,Plantas y agricultura,ser_vivo,"Ilustración cuadrada infantil y educativa para la acepción Kichwa “llakllana”, que en español significa “azuela”. Muestra claramente el animal o la planta como elemento principal. Estilo de libro ilustrado, contexto cultural respetuoso inspirado en el Ecuador andino y amazónico, fondo limpio, colores cálidos, contornos suaves, sin texto, letras, logotipos, firmas ni marcas de agua.","Representación educativa de azuela, correspondiente a la acepción Kichwa llakllana.",preparada
1,30,506,kalatis,bejuco,Plantas y agricultura,ser_vivo,"Ilustración cuadrada infantil y educativa para la acepción Kichwa “kalatis”, que en español significa “bejuco”. Muestra claramente el animal o la planta como elemento principal. Estilo de libro ilustrado, contexto cultural respetuoso inspirado en el Ecuador andino y amazónico, fondo limpio, colores cálidos, contornos suaves, sin texto, letras, logotipos, firmas ni marcas de agua.","Representación educativa de bejuco, correspondiente a la acepción Kichwa kalatis.",preparada
1,31,956,nanampi,bejuco,Plantas y agricultura,ser_vivo,"Ilustración cuadrada infantil y educativa para la acepción Kichwa “nanampi”, que en español significa “bejuco”. Muestra claramente el animal o la planta como elemento principal. Estilo de libro ilustrado, contexto cultural respetuoso inspirado en el Ecuador andino y amazónico, fondo limpio, colores cálidos, contornos suaves, sin texto, letras, logotipos, firmas ni marcas de agua.","Representación educativa de bejuco, correspondiente a la acepción Kichwa nanampi.",preparada
1,32,1135,pukshi,cal,Plantas y agricultura,ser_vivo,"Ilustración cuadrada infantil y educativa para la acepción Kichwa “pukshi”, que en español significa “cal”. Muestra claramente el animal o la planta como elemento principal. Estilo de libro ilustrado, contexto cultural respetuoso inspirado en el Ecuador andino y amazónico, fondo limpio, colores cálidos, contornos suaves, sin texto, letras, logotipos, firmas ni marcas de agua.","Representación educativa de cal, correspondiente a la acepción Kichwa pukshi.",preparada
1,33,1918,wiksa,abdomen,Cuerpo y salud,objeto,"Ilustración cuadrada infantil y educativa para la acepción Kichwa “wiksa”, que en español significa “abdomen”. Muestra el elemento concreto completo y fácil de reconocer. Estilo de libro ilustrado, contexto cultural respetuoso inspirado en el Ecuador andino y amazónico, fondo limpio, colores cálidos, contornos suaves, sin texto, letras, logotipos, firmas ni marcas de agua.","Representación educativa de abdomen, correspondiente a la acepción Kichwa wiksa.",preparada
1,34,1321,sulluy,aborto,Cuerpo y salud,objeto,"Ilustración cuadrada infantil y educativa para la acepción Kichwa “sulluy”, que en español significa “aborto”. Muestra el elemento concreto completo y fácil de reconocer. Estilo de libro ilustrado, contexto cultural respetuoso inspirado en el Ecuador andino y amazónico, fondo limpio, colores cálidos, contornos suaves, sin texto, letras, logotipos, firmas ni marcas de agua.","Representación educativa de aborto, correspondiente a la acepción Kichwa sulluy.",preparada
1,35,1631,uputinti,alacrán,Cuerpo y salud,objeto,"Ilustración cuadrada infantil y educativa para la acepción Kichwa “uputinti”, que en español significa “alacrán”. Muestra el elemento concreto completo y fácil de reconocer. Estilo de libro ilustrado, contexto cultural respetuoso inspirado en el Ecuador andino y amazónico, fondo limpio, colores cálidos, contornos suaves, sin texto, letras, logotipos, firmas ni marcas de agua.","Representación educativa de alacrán, correspondiente a la acepción Kichwa uputinti.",preparada
1,36,2046,samay,aliento,Cuerpo y salud,objeto,"Ilustración cuadrada infantil y educativa para la acepción Kichwa “samay”, que en español significa “aliento”. Muestra el elemento concreto completo y fácil de reconocer. Estilo de libro ilustrado, contexto cultural respetuoso inspirado en el Ecuador andino y amazónico, fondo limpio, colores cálidos, contornos suaves, sin texto, letras, logotipos, firmas ni marcas de agua.","Representación educativa de aliento, correspondiente a la acepción Kichwa samay.",preparada
1,37,2052,sawna,almohada,Cuerpo y salud,objeto,"Ilustración cuadrada infantil y educativa para la acepción Kichwa “sawna”, que en español significa “almohada”. Muestra el elemento concreto completo y fácil de reconocer. Estilo de libro ilustrado, contexto cultural respetuoso inspirado en el Ecuador andino y amazónico, fondo limpio, colores cálidos, contornos suaves, sin texto, letras, logotipos, firmas ni marcas de agua.","Representación educativa de almohada, correspondiente a la acepción Kichwa sawna.",preparada
1,38,2089,ukunyachay,anatomía,Cuerpo y salud,objeto,"Ilustración cuadrada infantil y educativa para la acepción Kichwa “ukunyachay”, que en español significa “anatomía”. Muestra el elemento concreto completo y fácil de reconocer. Estilo de libro ilustrado, contexto cultural respetuoso inspirado en el Ecuador andino y amazónico, fondo limpio, colores cálidos, contornos suaves, sin texto, letras, logotipos, firmas ni marcas de agua.","Representación educativa de anatomía, correspondiente a la acepción Kichwa ukunyachay.",preparada
1,39,1304,sipu,arruga,Cuerpo y salud,objeto,"Ilustración cuadrada infantil y educativa para la acepción Kichwa “sipu”, que en español significa “arruga”. Muestra el elemento concreto completo y fácil de reconocer. Estilo de libro ilustrado, contexto cultural respetuoso inspirado en el Ecuador andino y amazónico, fondo limpio, colores cálidos, contornos suaves, sin texto, letras, logotipos, firmas ni marcas de agua.","Representación educativa de arruga, correspondiente a la acepción Kichwa sipu.",preparada
1,40,560,kashuk,axila,Cuerpo y salud,objeto,"Ilustración cuadrada infantil y educativa para la acepción Kichwa “kashuk”, que en español significa “axila”. Muestra el elemento concreto completo y fácil de reconocer. Estilo de libro ilustrado, contexto cultural respetuoso inspirado en el Ecuador andino y amazónico, fondo limpio, colores cálidos, contornos suaves, sin texto, letras, logotipos, firmas ni marcas de agua.","Representación educativa de axila, correspondiente a la acepción Kichwa kashuk.",preparada
1,41,2248,sunka,barba,Cuerpo y salud,objeto,"Ilustración cuadrada infantil y educativa para la acepción Kichwa “sunka”, que en español significa “barba”. Muestra el elemento concreto completo y fácil de reconocer. Estilo de libro ilustrado, contexto cultural respetuoso inspirado en el Ecuador andino y amazónico, fondo limpio, colores cálidos, contornos suaves, sin texto, letras, logotipos, firmas ni marcas de agua.","Representación educativa de barba, correspondiente a la acepción Kichwa sunka.",preparada
1,42,2259,wiksa,barriga,Cuerpo y salud,objeto,"Ilustración cuadrada infantil y educativa para la acepción Kichwa “wiksa”, que en español significa “barriga”. Muestra el elemento concreto completo y fácil de reconocer. Estilo de libro ilustrado, contexto cultural respetuoso inspirado en el Ecuador andino y amazónico, fondo limpio, colores cálidos, contornos suaves, sin texto, letras, logotipos, firmas ni marcas de agua.","Representación educativa de barriga, correspondiente a la acepción Kichwa wiksa.",preparada
1,43,1210,rikra,brazo,Cuerpo y salud,objeto,"Ilustración cuadrada infantil y educativa para la acepción Kichwa “rikra”, que en español significa “brazo”. Muestra el elemento concreto completo y fácil de reconocer. Estilo de libro ilustrado, contexto cultural respetuoso inspirado en el Ecuador andino y amazónico, fondo limpio, colores cálidos, contornos suaves, sin texto, letras, logotipos, firmas ni marcas de agua.","Representación educativa de brazo, correspondiente a la acepción Kichwa rikra.",preparada
1,44,1611,uma,cabeza,Cuerpo y salud,objeto,"Ilustración cuadrada infantil y educativa para la acepción Kichwa “uma”, que en español significa “cabeza”. Muestra el elemento concreto completo y fácil de reconocer. Estilo de libro ilustrado, contexto cultural respetuoso inspirado en el Ecuador andino y amazónico, fondo limpio, colores cálidos, contornos suaves, sin texto, letras, logotipos, firmas ni marcas de agua.","Representación educativa de cabeza, correspondiente a la acepción Kichwa uma.",preparada
1,45,1723,wanu,abono,Naturaleza y clima,paisaje,"Ilustración cuadrada infantil y educativa para la acepción Kichwa “wanu”, que en español significa “abono”. Representa el lugar o fenómeno natural con una composición sencilla. Estilo de libro ilustrado, contexto cultural respetuoso inspirado en el Ecuador andino y amazónico, fondo limpio, colores cálidos, contornos suaves, sin texto, letras, logotipos, firmas ni marcas de agua.","Representación educativa de abono, correspondiente a la acepción Kichwa wanu.",preparada
1,46,1928,kunuk,abrigado,Naturaleza y clima,paisaje,"Ilustración cuadrada infantil y educativa para la acepción Kichwa “kunuk”, que en español significa “abrigado”. Representa el lugar o fenómeno natural con una composición sencilla. Estilo de libro ilustrado, contexto cultural respetuoso inspirado en el Ecuador andino y amazónico, fondo limpio, colores cálidos, contornos suaves, sin texto, letras, logotipos, firmas ni marcas de agua.","Representación educativa de abrigado, correspondiente a la acepción Kichwa kunuk.",preparada
1,47,1969,tika,adobe,Naturaleza y clima,paisaje,"Ilustración cuadrada infantil y educativa para la acepción Kichwa “tika”, que en español significa “adobe”. Representa el lugar o fenómeno natural con una composición sencilla. Estilo de libro ilustrado, contexto cultural respetuoso inspirado en el Ecuador andino y amazónico, fondo limpio, colores cálidos, contornos suaves, sin texto, letras, logotipos, firmas ni marcas de agua.","Representación educativa de adobe, correspondiente a la acepción Kichwa tika.",preparada
1,48,2006,chuya,aguado,Naturaleza y clima,paisaje,"Ilustración cuadrada infantil y educativa para la acepción Kichwa “chuya”, que en español significa “aguado”. Representa el lugar o fenómeno natural con una composición sencilla. Estilo de libro ilustrado, contexto cultural respetuoso inspirado en el Ecuador andino y amazónico, fondo limpio, colores cálidos, contornos suaves, sin texto, letras, logotipos, firmas ni marcas de agua.","Representación educativa de aguado, correspondiente a la acepción Kichwa chuya.",preparada
1,49,2204,wapsi,atmósfera,Naturaleza y clima,paisaje,"Ilustración cuadrada infantil y educativa para la acepción Kichwa “wapsi”, que en español significa “atmósfera”. Representa el lugar o fenómeno natural con una composición sencilla. Estilo de libro ilustrado, contexto cultural respetuoso inspirado en el Ecuador andino y amazónico, fondo limpio, colores cálidos, contornos suaves, sin texto, letras, logotipos, firmas ni marcas de agua.","Representación educativa de atmósfera, correspondiente a la acepción Kichwa wapsi.",preparada
1,50,2252,wayku,barranco,Naturaleza y clima,paisaje,"Ilustración cuadrada infantil y educativa para la acepción Kichwa “wayku”, que en español significa “barranco”. Representa el lugar o fenómeno natural con una composición sencilla. Estilo de libro ilustrado, contexto cultural respetuoso inspirado en el Ecuador andino y amazónico, fondo limpio, colores cálidos, contornos suaves, sin texto, letras, logotipos, firmas ni marcas de agua.","Representación educativa de barranco, correspondiente a la acepción Kichwa wayku.",preparada
1,51,1236,rupay,calor,Naturaleza y clima,paisaje,"Ilustración cuadrada infantil y educativa para la acepción Kichwa “rupay”, que en español significa “calor”. Representa el lugar o fenómeno natural con una composición sencilla. Estilo de libro ilustrado, contexto cultural respetuoso inspirado en el Ecuador andino y amazónico, fondo limpio, colores cálidos, contornos suaves, sin texto, letras, logotipos, firmas ni marcas de agua.","Representación educativa de calor, correspondiente a la acepción Kichwa rupay.",preparada
1,52,812,lluchunka,camarón,Naturaleza y clima,paisaje,"Ilustración cuadrada infantil y educativa para la acepción Kichwa “lluchunka”, que en español significa “camarón”. Representa el lugar o fenómeno natural con una composición sencilla. Estilo de libro ilustrado, contexto cultural respetuoso inspirado en el Ecuador andino y amazónico, fondo limpio, colores cálidos, contornos suaves, sin texto, letras, logotipos, firmas ni marcas de agua.","Representación educativa de camarón, correspondiente a la acepción Kichwa lluchunka.",preparada
1,53,2351,nina,candela,Naturaleza y clima,paisaje,"Ilustración cuadrada infantil y educativa para la acepción Kichwa “nina”, que en español significa “candela”. Representa el lugar o fenómeno natural con una composición sencilla. Estilo de libro ilustrado, contexto cultural respetuoso inspirado en el Ecuador andino y amazónico, fondo limpio, colores cálidos, contornos suaves, sin texto, letras, logotipos, firmas ni marcas de agua.","Representación educativa de candela, correspondiente a la acepción Kichwa nina.",preparada
1,54,615,killimsa,carbón,Naturaleza y clima,paisaje,"Ilustración cuadrada infantil y educativa para la acepción Kichwa “killimsa”, que en español significa “carbón”. Representa el lugar o fenómeno natural con una composición sencilla. Estilo de libro ilustrado, contexto cultural respetuoso inspirado en el Ecuador andino y amazónico, fondo limpio, colores cálidos, contornos suaves, sin texto, letras, logotipos, firmas ni marcas de agua.","Representación educativa de carbón, correspondiente a la acepción Kichwa killimsa.",preparada
1,55,1435,tani,agrio,Alimentos y bebidas,objeto,"Ilustración cuadrada infantil y educativa para la acepción Kichwa “tani”, que en español significa “agrio”. Muestra el elemento concreto completo y fácil de reconocer. Estilo de libro ilustrado, contexto cultural respetuoso inspirado en el Ecuador andino y amazónico, fondo limpio, colores cálidos, contornos suaves, sin texto, letras, logotipos, firmas ni marcas de agua.","Representación educativa de agrio, correspondiente a la acepción Kichwa tani.",preparada
1,56,1034,pallta,aguacate,Alimentos y bebidas,objeto,"Ilustración cuadrada infantil y educativa para la acepción Kichwa “pallta”, que en español significa “aguacate”. Muestra el elemento concreto completo y fácil de reconocer. Estilo de libro ilustrado, contexto cultural respetuoso inspirado en el Ecuador andino y amazónico, fondo limpio, colores cálidos, contornos suaves, sin texto, letras, logotipos, firmas ni marcas de agua.","Representación educativa de aguacate, correspondiente a la acepción Kichwa pallta.",preparada
1,57,1592,uchu,ají,Alimentos y bebidas,objeto,"Ilustración cuadrada infantil y educativa para la acepción Kichwa “uchu”, que en español significa “ají”. Muestra el elemento concreto completo y fácil de reconocer. Estilo de libro ilustrado, contexto cultural respetuoso inspirado en el Ecuador andino y amazónico, fondo limpio, colores cálidos, contornos suaves, sin texto, letras, logotipos, firmas ni marcas de agua.","Representación educativa de ají, correspondiente a la acepción Kichwa uchu.",preparada
1,58,387,hayak,amargo,Alimentos y bebidas,objeto,"Ilustración cuadrada infantil y educativa para la acepción Kichwa “hayak”, que en español significa “amargo”. Muestra el elemento concreto completo y fácil de reconocer. Estilo de libro ilustrado, contexto cultural respetuoso inspirado en el Ecuador andino y amazónico, fondo limpio, colores cálidos, contornos suaves, sin texto, letras, logotipos, firmas ni marcas de agua.","Representación educativa de amargo, correspondiente a la acepción Kichwa hayak.",preparada
1,59,2235,akumishki,azúcar,Alimentos y bebidas,objeto,"Ilustración cuadrada infantil y educativa para la acepción Kichwa “akumishki”, que en español significa “azúcar”. Muestra el elemento concreto completo y fácil de reconocer. Estilo de libro ilustrado, contexto cultural respetuoso inspirado en el Ecuador andino y amazónico, fondo limpio, colores cálidos, contornos suaves, sin texto, letras, logotipos, firmas ni marcas de agua.","Representación educativa de azúcar, correspondiente a la acepción Kichwa akumishki.",preparada
1,60,2267,upyana,beber,Alimentos y bebidas,objeto,"Ilustración cuadrada infantil y educativa para la acepción Kichwa “upyana”, que en español significa “beber”. Muestra el elemento concreto completo y fácil de reconocer. Estilo de libro ilustrado, contexto cultural respetuoso inspirado en el Ecuador andino y amazónico, fondo limpio, colores cálidos, contornos suaves, sin texto, letras, logotipos, firmas ni marcas de agua.","Representación educativa de beber, correspondiente a la acepción Kichwa upyana.",preparada
1,61,363,hapiyu,caimito,Alimentos y bebidas,objeto,"Ilustración cuadrada infantil y educativa para la acepción Kichwa “hapiyu”, que en español significa “caimito”. Muestra el elemento concreto completo y fácil de reconocer. Estilo de libro ilustrado, contexto cultural respetuoso inspirado en el Ecuador andino y amazónico, fondo limpio, colores cálidos, contornos suaves, sin texto, letras, logotipos, firmas ni marcas de agua.","Representación educativa de caimito, correspondiente a la acepción Kichwa hapiyu.",preparada
1,62,2332,hilli,caldo,Alimentos y bebidas,objeto,"Ilustración cuadrada infantil y educativa para la acepción Kichwa “hilli”, que en español significa “caldo”. Muestra el elemento concreto completo y fácil de reconocer. Estilo de libro ilustrado, contexto cultural respetuoso inspirado en el Ecuador andino y amazónico, fondo limpio, colores cálidos, contornos suaves, sin texto, letras, logotipos, firmas ni marcas de agua.","Representación educativa de caldo, correspondiente a la acepción Kichwa hilli.",preparada
1,63,96,apichu,camote,Alimentos y bebidas,objeto,"Ilustración cuadrada infantil y educativa para la acepción Kichwa “apichu”, que en español significa “camote”. Muestra el elemento concreto completo y fácil de reconocer. Estilo de libro ilustrado, contexto cultural respetuoso inspirado en el Ecuador andino y amazónico, fondo limpio, colores cálidos, contornos suaves, sin texto, letras, logotipos, firmas ni marcas de agua.","Representación educativa de camote, correspondiente a la acepción Kichwa apichu.",preparada
1,64,678,kumal,camote,Alimentos y bebidas,objeto,"Ilustración cuadrada infantil y educativa para la acepción Kichwa “kumal”, que en español significa “camote”. Muestra el elemento concreto completo y fácil de reconocer. Estilo de libro ilustrado, contexto cultural respetuoso inspirado en el Ecuador andino y amazónico, fondo limpio, colores cálidos, contornos suaves, sin texto, letras, logotipos, firmas ni marcas de agua.","Representación educativa de camote, correspondiente a la acepción Kichwa kumal.",preparada
1,65,542,kapuli,capulí,Alimentos y bebidas,objeto,"Ilustración cuadrada infantil y educativa para la acepción Kichwa “kapuli”, que en español significa “capulí”. Muestra el elemento concreto completo y fácil de reconocer. Estilo de libro ilustrado, contexto cultural respetuoso inspirado en el Ecuador andino y amazónico, fondo limpio, colores cálidos, contornos suaves, sin texto, letras, logotipos, firmas ni marcas de agua.","Representación educativa de capulí, correspondiente a la acepción Kichwa kapuli.",preparada
1,66,2371,aychamikuk,carnívoro,Alimentos y bebidas,objeto,"Ilustración cuadrada infantil y educativa para la acepción Kichwa “aychamikuk”, que en español significa “carnívoro”. Muestra el elemento concreto completo y fácil de reconocer. Estilo de libro ilustrado, contexto cultural respetuoso inspirado en el Ecuador andino y amazónico, fondo limpio, colores cálidos, contornos suaves, sin texto, letras, logotipos, firmas ni marcas de agua.","Representación educativa de carnívoro, correspondiente a la acepción Kichwa aychamikuk.",preparada
1,67,2086,wakanki,amuleto,Herramientas y objetos,objeto,"Ilustración cuadrada infantil y educativa para la acepción Kichwa “wakanki”, que en español significa “amuleto”. Muestra el elemento concreto completo y fácil de reconocer. Estilo de libro ilustrado, contexto cultural respetuoso inspirado en el Ecuador andino y amazónico, fondo limpio, colores cálidos, contornos suaves, sin texto, letras, logotipos, firmas ni marcas de agua.","Representación educativa de amuleto, correspondiente a la acepción Kichwa wakanki.",preparada
1,68,773,llachu,azadón,Herramientas y objetos,objeto,"Ilustración cuadrada infantil y educativa para la acepción Kichwa “llachu”, que en español significa “azadón”. Muestra el elemento concreto completo y fácil de reconocer. Estilo de libro ilustrado, contexto cultural respetuoso inspirado en el Ecuador andino y amazónico, fondo limpio, colores cálidos, contornos suaves, sin texto, letras, logotipos, firmas ni marcas de agua.","Representación educativa de azadón, correspondiente a la acepción Kichwa llachu.",preparada
1,69,1137,pukuna,bodoquera,Herramientas y objetos,objeto,"Ilustración cuadrada infantil y educativa para la acepción Kichwa “pukuna”, que en español significa “bodoquera”. Muestra el elemento concreto completo y fácil de reconocer. Estilo de libro ilustrado, contexto cultural respetuoso inspirado en el Ecuador andino y amazónico, fondo limpio, colores cálidos, contornos suaves, sin texto, letras, logotipos, firmas ni marcas de agua.","Representación educativa de bodoquera, correspondiente a la acepción Kichwa pukuna.",preparada
1,70,2315,kipi,bulto,Herramientas y objetos,objeto,"Ilustración cuadrada infantil y educativa para la acepción Kichwa “kipi”, que en español significa “bulto”. Muestra el elemento concreto completo y fácil de reconocer. Estilo de libro ilustrado, contexto cultural respetuoso inspirado en el Ecuador andino y amazónico, fondo limpio, colores cálidos, contornos suaves, sin texto, letras, logotipos, firmas ni marcas de agua.","Representación educativa de bulto, correspondiente a la acepción Kichwa kipi.",preparada
1,71,1699,wallu,cántaro,Herramientas y objetos,objeto,"Ilustración cuadrada infantil y educativa para la acepción Kichwa “wallu”, que en español significa “cántaro”. Muestra el elemento concreto completo y fácil de reconocer. Estilo de libro ilustrado, contexto cultural respetuoso inspirado en el Ecuador andino y amazónico, fondo limpio, colores cálidos, contornos suaves, sin texto, letras, logotipos, firmas ni marcas de agua.","Representación educativa de cántaro, correspondiente a la acepción Kichwa wallu.",preparada
1,72,1377,shinki,carbón,Herramientas y objetos,objeto,"Ilustración cuadrada infantil y educativa para la acepción Kichwa “shinki”, que en español significa “carbón”. Muestra el elemento concreto completo y fácil de reconocer. Estilo de libro ilustrado, contexto cultural respetuoso inspirado en el Ecuador andino y amazónico, fondo limpio, colores cálidos, contornos suaves, sin texto, letras, logotipos, firmas ni marcas de agua.","Representación educativa de carbón, correspondiente a la acepción Kichwa shinki.",preparada
1,73,1027,palata,caucho,Herramientas y objetos,objeto,"Ilustración cuadrada infantil y educativa para la acepción Kichwa “palata”, que en español significa “caucho”. Muestra el elemento concreto completo y fácil de reconocer. Estilo de libro ilustrado, contexto cultural respetuoso inspirado en el Ecuador andino y amazónico, fondo limpio, colores cálidos, contornos suaves, sin texto, letras, logotipos, firmas ni marcas de agua.","Representación educativa de caucho, correspondiente a la acepción Kichwa palata.",preparada
1,74,1381,shirinka,caucho,Herramientas y objetos,objeto,"Ilustración cuadrada infantil y educativa para la acepción Kichwa “shirinka”, que en español significa “caucho”. Muestra el elemento concreto completo y fácil de reconocer. Estilo de libro ilustrado, contexto cultural respetuoso inspirado en el Ecuador andino y amazónico, fondo limpio, colores cálidos, contornos suaves, sin texto, letras, logotipos, firmas ni marcas de agua.","Representación educativa de caucho, correspondiente a la acepción Kichwa shirinka.",preparada
1,75,2051,katuwasi,almacén,Territorio y lugares,paisaje,"Ilustración cuadrada infantil y educativa para la acepción Kichwa “katuwasi”, que en español significa “almacén”. Representa el lugar o fenómeno natural con una composición sencilla. Estilo de libro ilustrado, contexto cultural respetuoso inspirado en el Ecuador andino y amazónico, fondo limpio, colores cálidos, contornos suaves, sin texto, letras, logotipos, firmas ni marcas de agua.","Representación educativa de almacén, correspondiente a la acepción Kichwa katuwasi.",preparada
1,76,2125,chikan,aparte,Territorio y lugares,paisaje,"Ilustración cuadrada infantil y educativa para la acepción Kichwa “chikan”, que en español significa “aparte”. Representa el lugar o fenómeno natural con una composición sencilla. Estilo de libro ilustrado, contexto cultural respetuoso inspirado en el Ecuador andino y amazónico, fondo limpio, colores cálidos, contornos suaves, sin texto, letras, logotipos, firmas ni marcas de agua.","Representación educativa de aparte, correspondiente a la acepción Kichwa chikan.",preparada
1,77,2148,kaypi,aquí,Territorio y lugares,paisaje,"Ilustración cuadrada infantil y educativa para la acepción Kichwa “kaypi”, que en español significa “aquí”. Representa el lugar o fenómeno natural con una composición sencilla. Estilo de libro ilustrado, contexto cultural respetuoso inspirado en el Ecuador andino y amazónico, fondo limpio, colores cálidos, contornos suaves, sin texto, letras, logotipos, firmas ni marcas de agua.","Representación educativa de aquí, correspondiente a la acepción Kichwa kaypi.",preparada
1,78,2186,tiyarina,asiento,Territorio y lugares,paisaje,"Ilustración cuadrada infantil y educativa para la acepción Kichwa “tiyarina”, que en español significa “asiento”. Representa el lugar o fenómeno natural con una composición sencilla. Estilo de libro ilustrado, contexto cultural respetuoso inspirado en el Ecuador andino y amazónico, fondo limpio, colores cálidos, contornos suaves, sin texto, letras, logotipos, firmas ni marcas de agua.","Representación educativa de asiento, correspondiente a la acepción Kichwa tiyarina.",preparada
1,79,2218,hanansuyu,austral,Territorio y lugares,paisaje,"Ilustración cuadrada infantil y educativa para la acepción Kichwa “hanansuyu”, que en español significa “austral”. Representa el lugar o fenómeno natural con una composición sencilla. Estilo de libro ilustrado, contexto cultural respetuoso inspirado en el Ecuador andino y amazónico, fondo limpio, colores cálidos, contornos suaves, sin texto, letras, logotipos, firmas ni marcas de agua.","Representación educativa de austral, correspondiente a la acepción Kichwa hanansuyu.",preparada
1,80,651,kiti,cantón,Territorio y lugares,paisaje,"Ilustración cuadrada infantil y educativa para la acepción Kichwa “kiti”, que en español significa “cantón”. Representa el lugar o fenómeno natural con una composición sencilla. Estilo de libro ilustrado, contexto cultural respetuoso inspirado en el Ecuador andino y amazónico, fondo limpio, colores cálidos, contornos suaves, sin texto, letras, logotipos, firmas ni marcas de agua.","Representación educativa de cantón, correspondiente a la acepción Kichwa kiti.",preparada
1,81,2365,wataywasi,cárcel,Territorio y lugares,paisaje,"Ilustración cuadrada infantil y educativa para la acepción Kichwa “wataywasi”, que en español significa “cárcel”. Representa el lugar o fenómeno natural con una composición sencilla. Estilo de libro ilustrado, contexto cultural respetuoso inspirado en el Ecuador andino y amazónico, fondo limpio, colores cálidos, contornos suaves, sin texto, letras, logotipos, firmas ni marcas de agua.","Representación educativa de cárcel, correspondiente a la acepción Kichwa wataywasi.",preparada
1,82,1452,taski,cascada,Territorio y lugares,paisaje,"Ilustración cuadrada infantil y educativa para la acepción Kichwa “taski”, que en español significa “cascada”. Representa el lugar o fenómeno natural con una composición sencilla. Estilo de libro ilustrado, contexto cultural respetuoso inspirado en el Ecuador andino y amazónico, fondo limpio, colores cálidos, contornos suaves, sin texto, letras, logotipos, firmas ni marcas de agua.","Representación educativa de cascada, correspondiente a la acepción Kichwa taski.",preparada
1,83,2320,chuklla,cabaña,Hogar y construcción,objeto,"Ilustración cuadrada infantil y educativa para la acepción Kichwa “chuklla”, que en español significa “cabaña”. Muestra el elemento concreto completo y fácil de reconocer. Estilo de libro ilustrado, contexto cultural respetuoso inspirado en el Ecuador andino y amazónico, fondo limpio, colores cálidos, contornos suaves, sin texto, letras, logotipos, firmas ni marcas de agua.","Representación educativa de cabaña, correspondiente a la acepción Kichwa chuklla.",preparada
1,84,583,kawitu,cama,Hogar y construcción,objeto,"Ilustración cuadrada infantil y educativa para la acepción Kichwa “kawitu”, que en español significa “cama”. Muestra el elemento concreto completo y fácil de reconocer. Estilo de libro ilustrado, contexto cultural respetuoso inspirado en el Ecuador andino y amazónico, fondo limpio, colores cálidos, contornos suaves, sin texto, letras, logotipos, firmas ni marcas de agua.","Representación educativa de cama, correspondiente a la acepción Kichwa kawitu.",preparada
1,85,252,chinkana,casucha,Hogar y construcción,objeto,"Ilustración cuadrada infantil y educativa para la acepción Kichwa “chinkana”, que en español significa “casucha”. Muestra el elemento concreto completo y fácil de reconocer. Estilo de libro ilustrado, contexto cultural respetuoso inspirado en el Ecuador andino y amazónico, fondo limpio, colores cálidos, contornos suaves, sin texto, letras, logotipos, firmas ni marcas de agua.","Representación educativa de casucha, correspondiente a la acepción Kichwa chinkana.",preparada
1,86,2384,kawitu,catre,Hogar y construcción,objeto,"Ilustración cuadrada infantil y educativa para la acepción Kichwa “kawitu”, que en español significa “catre”. Muestra el elemento concreto completo y fácil de reconocer. Estilo de libro ilustrado, contexto cultural respetuoso inspirado en el Ecuador andino y amazónico, fondo limpio, colores cálidos, contornos suaves, sin texto, letras, logotipos, firmas ni marcas de agua.","Representación educativa de catre, correspondiente a la acepción Kichwa kawitu.",preparada
1,87,1226,rumikuta,cemento,Hogar y construcción,objeto,"Ilustración cuadrada infantil y educativa para la acepción Kichwa “rumikuta”, que en español significa “cemento”. Muestra el elemento concreto completo y fácil de reconocer. Estilo de libro ilustrado, contexto cultural respetuoso inspirado en el Ecuador andino y amazónico, fondo limpio, colores cálidos, contornos suaves, sin texto, letras, logotipos, firmas ni marcas de agua.","Representación educativa de cemento, correspondiente a la acepción Kichwa rumikuta.",preparada
1,88,2404,kuchu,cerca,Hogar y construcción,objeto,"Ilustración cuadrada infantil y educativa para la acepción Kichwa “kuchu”, que en español significa “cerca”. Muestra el elemento concreto completo y fácil de reconocer. Estilo de libro ilustrado, contexto cultural respetuoso inspirado en el Ecuador andino y amazónico, fondo limpio, colores cálidos, contornos suaves, sin texto, letras, logotipos, firmas ni marcas de agua.","Representación educativa de cerca, correspondiente a la acepción Kichwa kuchu.",preparada
1,89,2159,rinriwarkuna,aretes,Vestimenta y cuidado personal,objeto,"Ilustración cuadrada infantil y educativa para la acepción Kichwa “rinriwarkuna”, que en español significa “aretes”. Muestra el elemento concreto completo y fácil de reconocer. Estilo de libro ilustrado, contexto cultural respetuoso inspirado en el Ecuador andino y amazónico, fondo limpio, colores cálidos, contornos suaves, sin texto, letras, logotipos, firmas ni marcas de agua.","Representación educativa de aretes, correspondiente a la acepción Kichwa rinriwarkuna.",preparada
1,90,2247,armarina,bañarse,Vestimenta y cuidado personal,objeto,"Ilustración cuadrada infantil y educativa para la acepción Kichwa “armarina”, que en español significa “bañarse”. Muestra el elemento concreto completo y fácil de reconocer. Estilo de libro ilustrado, contexto cultural respetuoso inspirado en el Ecuador andino y amazónico, fondo limpio, colores cálidos, contornos suaves, sin texto, letras, logotipos, firmas ni marcas de agua.","Representación educativa de bañarse, correspondiente a la acepción Kichwa armarina.",preparada
1,91,2282,tallpa,blusa,Vestimenta y cuidado personal,objeto,"Ilustración cuadrada infantil y educativa para la acepción Kichwa “tallpa”, que en español significa “blusa”. Muestra el elemento concreto completo y fácil de reconocer. Estilo de libro ilustrado, contexto cultural respetuoso inspirado en el Ecuador andino y amazónico, fondo limpio, colores cálidos, contornos suaves, sin texto, letras, logotipos, firmas ni marcas de agua.","Representación educativa de blusa, correspondiente a la acepción Kichwa tallpa.",preparada
1,92,1429,talpa,blusa,Vestimenta y cuidado personal,objeto,"Ilustración cuadrada infantil y educativa para la acepción Kichwa “talpa”, que en español significa “blusa”. Muestra el elemento concreto completo y fácil de reconocer. Estilo de libro ilustrado, contexto cultural respetuoso inspirado en el Ecuador andino y amazónico, fondo limpio, colores cálidos, contornos suaves, sin texto, letras, logotipos, firmas ni marcas de agua.","Representación educativa de blusa, correspondiente a la acepción Kichwa talpa.",preparada
1,93,2346,kushma,camiseta,Vestimenta y cuidado personal,objeto,"Ilustración cuadrada infantil y educativa para la acepción Kichwa “kushma”, que en español significa “camiseta”. Muestra el elemento concreto completo y fácil de reconocer. Estilo de libro ilustrado, contexto cultural respetuoso inspirado en el Ecuador andino y amazónico, fondo limpio, colores cálidos, contornos suaves, sin texto, letras, logotipos, firmas ni marcas de agua.","Representación educativa de camiseta, correspondiente a la acepción Kichwa kushma.",preparada
1,94,2227,antanka,avión,Transporte y caminos,objeto,"Ilustración cuadrada infantil y educativa para la acepción Kichwa “antanka”, que en español significa “avión”. Muestra el elemento concreto completo y fácil de reconocer. Estilo de libro ilustrado, contexto cultural respetuoso inspirado en el Ecuador andino y amazónico, fondo limpio, colores cálidos, contornos suaves, sin texto, letras, logotipos, firmas ni marcas de agua.","Representación educativa de avión, correspondiente a la acepción Kichwa antanka.",preparada
1,95,1705,wampu,barco,Transporte y caminos,objeto,"Ilustración cuadrada infantil y educativa para la acepción Kichwa “wampu”, que en español significa “barco”. Muestra el elemento concreto completo y fácil de reconocer. Estilo de libro ilustrado, contexto cultural respetuoso inspirado en el Ecuador andino y amazónico, fondo limpio, colores cálidos, contornos suaves, sin texto, letras, logotipos, firmas ni marcas de agua.","Representación educativa de barco, correspondiente a la acepción Kichwa wampu.",preparada
1,96,2276,pallka,bifurcación,Transporte y caminos,objeto,"Ilustración cuadrada infantil y educativa para la acepción Kichwa “pallka”, que en español significa “bifurcación”. Muestra el elemento concreto completo y fácil de reconocer. Estilo de libro ilustrado, contexto cultural respetuoso inspirado en el Ecuador andino y amazónico, fondo limpio, colores cálidos, contornos suaves, sin texto, letras, logotipos, firmas ni marcas de agua.","Representación educativa de bifurcación, correspondiente a la acepción Kichwa pallka.",preparada
1,97,2344,ñan,camino,Transporte y caminos,objeto,"Ilustración cuadrada infantil y educativa para la acepción Kichwa “ñan”, que en español significa “camino”. Muestra el elemento concreto completo y fácil de reconocer. Estilo de libro ilustrado, contexto cultural respetuoso inspirado en el Ecuador andino y amazónico, fondo limpio, colores cálidos, contornos suaves, sin texto, letras, logotipos, firmas ni marcas de agua.","Representación educativa de camino, correspondiente a la acepción Kichwa ñan.",preparada
1,98,195,chasu,aculturado,"Personas, oficios y educación",persona,"Ilustración cuadrada infantil y educativa para la acepción Kichwa “chasu”, que en español significa “aculturado”. Representa a la persona o el oficio en una escena cotidiana respetuosa. Estilo de libro ilustrado, contexto cultural respetuoso inspirado en el Ecuador andino y amazónico, fondo limpio, colores cálidos, contornos suaves, sin texto, letras, logotipos, firmas ni marcas de agua.","Representación educativa de aculturado, correspondiente a la acepción Kichwa chasu.",preparada
1,99,1966,watuk,adivino,"Personas, oficios y educación",persona,"Ilustración cuadrada infantil y educativa para la acepción Kichwa “watuk”, que en español significa “adivino”. Representa a la persona o el oficio en una escena cotidiana respetuosa. Estilo de libro ilustrado, contexto cultural respetuoso inspirado en el Ecuador andino y amazónico, fondo limpio, colores cálidos, contornos suaves, sin texto, letras, logotipos, firmas ni marcas de agua.","Representación educativa de adivino, correspondiente a la acepción Kichwa watuk.",preparada
1,100,1974,shunkuyuk,adulto,"Personas, oficios y educación",persona,"Ilustración cuadrada infantil y educativa para la acepción Kichwa “shunkuyuk”, que en español significa “adulto”. Representa a la persona o el oficio en una escena cotidiana respetuosa. Estilo de libro ilustrado, contexto cultural respetuoso inspirado en el Ecuador andino y amazónico, fondo limpio, colores cálidos, contornos suaves, sin texto, letras, logotipos, firmas ni marcas de agua.","Representación educativa de adulto, correspondiente a la acepción Kichwa shunkuyuk.",preparada
